,song_name,tempo,total_beats,chroma_stft_std,chroma_cq_std,chroma_cens_std,melspectrogram_std,mfcc_std,mfcc_delta_std,rmse_std,cent_std,spec_bw_std,contrast_std,rolloff_std,poly_std,tonnetz_std,zcr_std,harm_std,perc_std,frame_std
1,Bebe Rexha - Meant to Be (feat. Florida Georgia Line) [Official Music Video].mp3,0.0,0,0.0,0.0,0.0,0.0,246.57656011875906,5.0682877978230805e-15,0.0,0.0,0.0,0.0,0.0,0.0,0.0,0.0,0.0,0.0,
2,Hooked - Why Don't We [Official Music Video].mp3,129.19921875,5,0.24173827386582514,0.24205008573612197,0.11948162844315693,0.04052692169417615,123.69931400781925,4.5818658325353825,0.00333023420535028,1104.1052791686097,312.6769464753825,6.801174234574836,1454.9843840852227,0.09914927881120074,0.06198451815096915,0.015941669961431947,0.0040245624259114265,0.0025105467066168785,0.31216323157187686
3,OutKast -- Hey Ya lyrics.mp3,0.0,0,0.0,0.0,0.0,0.0,246.57656011875906,5.0682877978230805e-15,0.0,0.0,0.0,0.0,0.0,0.0,0.0,0.0,0.0,0.0,
4,Austin Brown - In Betweenin' (Official Lyric Video).mp3,123.046875,18,0.2601368687306728,0.25354453585778536,0.07410730492538131,7.3630345420810315,102.70752310966688,5.653283283540069,0.05215437710285187,1815.3280706966232,677.3499883197647,7.451251620009911,2583.7588560197078,0.99307518497547,0.05824749769239855,0.1824014756692254,0.005963915027678013,0.054080478847026825,0.19914486255774835
5,Alesso - REMEDY (Official Music Video).mp3,161.4990234375,28,0.3282942173769572,0.2945115066412022,0.09505379901853957,1.787933434274197,112.79885891974004,6.495155644225602,0.02672906219959259,1690.3996390634024,1215.994192315103,6.023297850714896,2678.419576211364,0.6889848580352657,0.07115996688050366,0.03339458744084478,0.022806914523243904,0.020042939111590385,0.15206657512693744
6,SHAUN feat. Conor Maynard - Way Back Home (Lyrics) Sam Feldt Edit.mp3,215.33203125,48,0.3437771735467697,0.2736684030005445,0.07858433841755125,97.2325293605551,90.32348196299648,4.791614904917366,0.15920141339302063,1245.8880637848981,707.9262002205215,6.803158350105095,2331.59453299698,2.3503389866136173,0.05642065815931198,0.10741549787501074,0.1562158763408661,0.08467346429824829,0.15092970521541949
7,Foster The People - Pumped up Kicks (Official Music Video).mp3,92.28515625,15,0.31548561436595296,0.27500595410863415,0.08230367503209711,0.0055568017322638955,175.37141051882398,5.352663660455798,0.001649923506192863,341.73378820508276,365.70407709006963,8.64651571493229,643.9787942126159,0.04960344974118894,0.07308022377361093,0.04396724801509969,0.0014160386053845286,0.0013701616553589702,0.0
8,Bob Sinclar - Love Generation.mp3,80.74951171875,8,0.28088367375292217,0.31002690655458437,0.19121271930722838,1.15955441357749,73.81640973741493,8.125237663156636,0.016430091112852097,1093.1687949031204,614.8964810149153,8.602350119967303,1900.8388401272273,0.3635454689723393,0.053742089959028676,0.11150439625558374,0.03795203939080238,0.012407703325152397,0.0
9,JENNIE - 'SOLO' MV.mp3,0.0,0,0.0,0.0,0.0,0.0,246.57656011875906,5.0682877978230805e-15,0.0,0.0,0.0,0.0,0.0,0.0,0.0,0.0,0.0,0.0,
10,Feist - 1234.mp3,234.90767045454547,47,0.22132395756355794,0.3134705080850584,0.1168916934567954,0.0008628868453623899,209.75365646156035,6.36776802799117,0.0006141162011772394,828.5204678757706,935.3004115564985,5.51521098074085,1416.8763104544194,0.011063652342805517,0.07093301338664988,0.037298455047218446,0.0006044114124961197,0.0002681803307496011,0.0
11,Duffy - Mercy.mp3,198.76802884615384,22,0.26083656390613097,0.32076076726769676,0.10478261139900306,2.5884899035234583,137.44401811733178,6.3276896336272,0.03128082677721977,930.2042679599889,974.0251652217603,6.588420509287022,2130.171596885156,0.5921120733192596,0.06475665016000445,0.03528016690534821,0.015069689601659775,0.02784496359527111,0.0
12,Weezer - Island In The Sun.mp3,143.5546875,22,0.3370664380983289,0.29577845788017537,0.08016201423445582,0.6192506034279647,160.29298884228845,9.636699210357376,0.019943105056881905,1348.2480447048265,1140.5324427188395,5.437894070516629,2675.294668943941,0.4928514652767452,0.06926754734802305,0.09496625268916263,7.870006584198563e-07,0.019759319722652435,0.0
13,Queen - You're My Best Friend (Official Video).mp3,0.0,0,0.0,0.0,0.0,0.0,246.57656011875906,5.0682877978230805e-15,0.0,0.0,0.0,0.0,0.0,0.0,0.0,0.0,0.0,0.0,
14,Feist - Mushaboom.mp3,215.33203125,46,0.24376195957197494,0.25305568833622666,0.058958475116185766,1.3128778861487065,131.5903623912051,6.307771747170331,0.01992502436041832,1855.4928067911205,645.5957854101509,7.483521297466955,2962.257770627196,0.36330350938301115,0.053692388698858555,0.09765436028788088,0.013627581298351288,0.014128212817013264,0.0
15,"NOTD, Felix Jaehn - So Close (ft. Georgia Ku & Captain Cuts) [OFFICIAL MUSIC VIDEO].mp3",151.99908088235293,33,0.3212900974678511,0.3049306843964452,0.12258820524290837,5.743373953575295,109.07790732977995,5.867784669009957,0.039957623928785324,637.6918856995133,970.6299505613864,5.7124358704283305,1306.3748180429695,0.8000066525888958,0.07684679773330946,0.022754533630712736,0.03461798280477524,0.023571686819195747,0.0
16,"Sigala, HRVY, Nina Nesbitt - Somebody (Lyric Video).mp3",129.19921875,23,0.3142064585233074,0.3219809337639154,0.16228629975840697,22.63630715786341,75.8187502383157,8.002131608334908,0.057792410254478455,1040.2761296726692,861.3470434256283,7.820048325910388,2187.901782825539,1.5786359119618918,0.1140641165802447,0.041576424882193895,0.08415805548429489,0.06799240410327911,0.2566409056645742
17,Train - Hey Soul Sister (Lyrics).mp3,184.5703125,16,0.33880270510277183,0.2778159002623421,0.10319705696479504,4.618420801732996,116.07739919028023,8.410642877919152,0.02603304758667946,989.559913539825,762.3904208555455,11.0278357680967,2225.0277432223306,0.4282822802878477,0.06388018389691551,0.03782147131423473,0.006236752960830927,0.028752382844686508,0.22089488358969409
18,Anne-Marie - 2002 [Official Video].mp3,234.90767045454547,39,0.3098700821182114,0.2990822476398307,0.10877809943027071,42.29820378204215,75.05595492210794,5.665638382259149,0.12751281261444092,1831.1973207180163,1074.8868749109893,8.122945521367928,2729.001511392149,2.4010594547904134,0.08427998225765627,0.1060176114954967,0.12278486043214798,0.1014755442738533,0.23219954648526078
19,Anne-Marie - Perfect To Me [Official Lyric Video].mp3,99.38401442307692,13,0.34596568471229344,0.27358119294670774,0.1440127110020684,0.007032203232073061,157.0926898287251,4.062823057075781,0.0009632170549593866,953.1016347934648,667.2311245359007,6.247636644823082,1789.3050478985267,0.012680101374338656,0.06438872407605166,0.046368019479903114,0.0015092004323378205,0.00019817822612822056,0.06965986394557823
20,"Hailee Steinfeld, BloodPop - Capital Letters.mp3",172.265625,35,0.33811086291487463,0.30681299730608447,0.10034806710144235,0.12392111224504858,146.51963131532275,6.118444384730099,0.008263030089437962,1057.0551658318534,1227.3535203847337,5.7761878056577745,2311.8589943383495,0.2177376250524557,0.08044536903178524,0.0402696257499175,0.003822255413979292,0.006445966195315123,0.0
21,All Star - Smash Mouth [Lyrics].mp3,135.99917763157896,33,0.3867607302670189,0.27253191311155583,0.0996733343307027,4.689566700083947,115.56043217826804,5.806139707215328,0.041473738849163055,2094.1994820270124,1131.9760706614006,8.603638740452709,3150.37014407251,0.710921844533852,0.07934587917069588,0.1833138126849836,0.038997478783130646,0.027660556137561798,0.06965986394557822
22,Mabel - Don't Call Me Up (Lyrics).mp3,129.19921875,13,0.327980395132906,0.29885505880418706,0.17186013627710578,13.37582391045877,111.21837846909204,3.9387268521611176,0.04676613584160805,1734.5362234106933,732.5558932164826,7.604460497593923,2492.674127981314,0.5764650092977162,0.12098688574526037,0.05123313744045331,0.08001566678285599,0.013432100415229797,0.2438095238095238
23,Ariana Grande - 7 rings.mp3,198.76802884615384,23,0.1958474330470134,0.32882789985537664,0.1401427984677333,36.98777237254787,110.00502151068702,4.852323731238904,0.08317279070615768,353.10685205817964,538.1964696876597,3.436217658844053,657.5628016278803,0.9265130110245218,0.0776447237586311,0.01918135998925239,0.08351964503526688,0.022206943482160568,0.0
24,"Zedd, Elley Duhé - Happy Now (Lyrics).mp3",151.99908088235293,10,0.32539446222274265,0.27095415002770146,0.1277387869325548,0.014159974252246216,166.67145456758126,2.942829247713062,0.001469939830712974,562.034322366863,626.109384515261,6.9189155250004,1822.6731406554964,0.019122790615189907,0.07822591001372783,0.038313494449916684,0.0018492147792130709,0.00038369104731827974,0.2748991592387394
25,Lazy song -Bruno mars lyrics.mp3,0.0,0,0.0,0.0,0.0,0.0,246.57656011875906,5.0682877978230805e-15,0.0,0.0,0.0,0.0,0.0,0.0,0.0,0.0,0.0,0.0,
26,MIKA - Lollipop.mp3,258.3984375,52,0.3547505650065156,0.3513271211615541,0.09510375828681879,5.245231251980776e-08,226.18355428043955,3.8774457996532576,1.445613906980725e-05,2411.5921935546207,1468.520937531632,7.9502379334893565,4221.481452901616,0.00033912080480068686,0.06111298883387814,0.1980350432336944,7.094859938661102e-06,1.1755864761653356e-05,0.0
27,Journey - Don't Stop Believin' (Audio).mp3,0.0,0,0.0,0.0,0.0,0.0,246.57656011875906,5.0682877978230805e-15,0.0,0.0,0.0,0.0,0.0,0.0,0.0,0.0,0.0,0.0,
28,Jesper Jenset - Bad Vibrations.mp3,184.5703125,42,0.2630833257955403,0.2903190311950709,0.17916990249256748,0.006575876717253954,175.02970798250624,3.5459816091647745,0.0012424817541614175,1042.0167597075326,1143.4971861595911,7.2199835105331545,2182.3310054725416,0.019920062242763454,0.10285294060849187,0.08675465119350627,0.0013994548935443163,0.0002757624606601894,0.1816321491552597
29,American Authors - Best Day Of My Life.mp3,215.33203125,7,0.29358420041697214,0.26533502314008717,0.16206606068989982,0.0013589351141957025,179.363065849644,4.062198756462268,0.00042764286627061665,833.5642422599403,643.4003671283899,5.41563638641736,1683.5238215740023,0.006084541886842242,0.0872469158464004,0.040703198724565785,0.0007931770524010062,7.332637323997915e-05,0.0
30,Patrick Wolf - The Magic Position.mp3,95.703125,4,0.208572441024716,0.1831923341806809,0.047859192142609135,3.1524617326791044e-07,195.82308627378362,2.7523004198109087,7.294634542631684e-06,742.4060776500012,485.19219091691394,8.141585650188352,1334.1235259318514,0.0002952097735240452,0.03904936505579723,0.03718201214020525,1.4364147318701725e-05,8.290653568110429e-06,0.0
31,Kygo - Happy Now ft. Sandro Cavazza.mp3,73.828125,5,0.24436873036028356,0.22429760337614127,0.08351175024436615,0.019715822844618595,99.21942499058147,6.552288538561786,0.0014070343459025025,366.31605892909346,465.6295991930856,6.371369010878913,746.8824694067491,0.10257935589079646,0.04791959396161759,0.020036363897329903,0.0033808639273047447,0.0027675519231706858,0.0
32,Alphabeat - Fascination.mp3,198.76802884615384,24,0.2859669885620468,0.34939031028347817,0.11793574825872033,5.897937429200782,122.96700130297536,5.649870605409307,0.029149852693080902,1121.121454851674,1212.9584491551227,3.8332118213469415,2728.103247753488,0.4427897776062788,0.06129228382143525,0.03614824692634782,0.007085302844643593,0.027354685589671135,0.0
33,"Jonas Blue, Liam Payne, Lennon Stella - Polaroid.mp3",287.109375,43,0.3756654049887021,0.2963625553676484,0.14248600420550994,0.6507054885904759,137.29536267186873,4.545880418554895,0.013312051072716713,494.331610317197,741.4582011005142,5.180388453333073,1026.2619869499829,0.24336901086369853,0.09072871055855683,0.021439236197568868,0.010091656818985939,0.0077353427186608315,0.0
34,The Wanted - We Own The Night.mp3,198.76802884615384,43,0.3399707325577689,0.32406874851486117,0.10821225927519647,16.951795155241655,95.999222968948,4.667527464439572,0.06822659820318222,1777.180290096939,1281.4549998714992,7.312892319848079,3315.8439012362933,1.2648690837517553,0.08687567756653991,0.14859914751478,0.06717564910650253,0.045202113687992096,0.174825596765177
35,Jubel - Dancing In The Moonlight (feat. NEIMY).mp3,80.74951171875,6,0.29106457181562817,0.2890390224272346,0.12632257408600522,56.62423249881444,65.70979181135117,5.575259609266105,0.07965227961540222,627.3387149838327,512.2410949782505,8.875091686965524,1340.4263273765469,1.6587270422293576,0.08393328538443744,0.029838742246231207,0.16126757860183716,0.035211410373449326,0.27029064508540956
36,Bastille - Quarter Past Midnight (Lyrics).mp3,258.3984375,48,0.3670942338264538,0.27405382107885295,0.07414171623196789,0.0010596394588376194,194.01704740330817,6.522685755457624,0.0009031380177475512,2943.090189935415,1416.8191875548823,6.567614520624289,4352.787285358262,0.017194354507691734,0.07230617050204119,0.20874578914632508,0.0002758520713541657,0.0008866242715157568,0.0
37,Dua Lipa - IDGAF (Official Music Video).mp3,172.265625,5,0.2526440079693294,0.22754612088746812,0.05770177182592604,0.0011452969987190145,139.27058771404367,6.120565144916783,0.0006660193321295083,353.49902082049107,427.2771384340992,6.799781110420374,795.9728779076883,0.026214416992951437,0.06585045665264183,0.019997127263590774,0.0007448699907399714,0.0006882361485622823,0.0
38,MIKA - Love Today.mp3,135.99917763157896,31,0.3453494993368393,0.3155021016046215,0.10679660641469957,1.7969801235604628e-05,213.53856812691652,4.823843810276822,8.38841442600824e-05,1312.8746030529683,1536.7520620638377,5.716769235673972,3367.4097102678193,0.0017479751219292028,0.06850830077923316,0.04253864481133892,6.161937199067324e-05,5.8374520449433476e-05,0.0
39,Whitney Houston - I Wanna Dance With Somebody (Official Music Video).mp3,89.10290948275862,4,0.2699647748477895,0.21682235670577796,0.08360609259580712,0.01724539542430088,103.81346550084456,4.043390121708667,0.0023842814844101667,673.1332576722345,589.860528693539,5.906455023896047,1639.711380430251,0.07519877021726107,0.04951891289370529,0.03461460806471441,0.0018869787454605103,0.0020121303386986256,0.0
40,"DJ Khaled - No Brainer (Official Video) ft. Justin Bieber, Chance the Rapper, Quavo.mp3",0.0,0,0.0,0.0,0.0,0.0,246.57656011875906,5.0682877978230805e-15,0.0,0.0,0.0,0.0,0.0,0.0,0.0,0.0,0.0,0.0,
41,5SOS - Killer Queen (Lyrics).mp3,83.35433467741936,12,0.31349962208114934,0.24488980196743285,0.07508115299679112,1.895249295313283,88.13416624030582,6.45319971956661,0.023252371698617935,1879.2918110822911,1122.5459951234739,7.5370982802692765,3050.5536088288645,0.569237640319129,0.0687182408430193,0.1519747264236771,0.02528892643749714,0.022406835108995438,0.28785954872232783
42,Oasis Wonderwall Lyrics.mp3,161.4990234375,15,0.3011927514554832,0.2584323001631924,0.1254760525407957,1.6441186650325412,95.28713947659226,5.894580025029773,0.01785891130566597,1227.1511069551175,878.0281328183326,8.315236634486494,2501.3765448485083,0.425616319138306,0.0871691913188139,0.0665259351367134,0.026540512219071388,0.010240064933896065,0.21864601084246935
43,OMI & Felix Jaehn - Masterpiece (Lyrics).mp3,234.90767045454547,21,0.30776107696013344,0.28146087429434274,0.1266483312798238,1.7282800362843522,114.5467837237213,5.945096893868546,0.022883540019392967,1206.0084119489845,863.1754271022008,6.479898795491951,2321.9993509728256,0.5999104040380471,0.07412077185475646,0.05919327472365308,0.025660622864961624,0.019368328154087067,0.19728422856233135
44,Jack & Jack - No One Compares To You.mp3,135.99917763157896,35,0.20513881847316526,0.33578021937153757,0.1977809209314781,0.004961974534634501,197.83159977743196,3.182378880511204,0.0009468761272728443,859.5215500856456,944.2843612039043,5.272994642106115,1873.4798232021014,0.008406268460129826,0.10772261478303352,0.03050706817991005,0.0010920256609097123,7.720554276602343e-05,0.023219954648526053
45,Katrina & The Waves - Walking On Sunshine.mp3,117.45383522727273,4,0.2727580800660338,0.28381892711636386,0.19915268023557595,0.00023944962639322308,149.4480574126915,5.0330731141371805,9.45564970606938e-05,579.6036573014748,494.8803713618532,5.832915781263442,1182.2707662227892,0.004520086999957525,0.09510716710001292,0.019099673920992728,0.0003476120764389634,9.565964137436822e-05,0.0
46,The Boy Least Likely To - Be Gentle With Me [LYRICS].mp3,198.76802884615384,25,0.19234874611855282,0.30262419341954555,0.15271015267486246,0.21107006248884877,165.4891696797556,5.621803350124143,0.014590307138860226,2514.0205176090994,1251.1251141660425,5.588553618489088,3769.2245166966404,0.02423131985097794,0.09313159675101795,0.18163675059850448,0.005722228903323412,0.013796593062579632,0.0
47,VAX - Crime ft. Teddy Sky (Lyrics).mp3,151.99908088235293,8,0.32644114627763615,0.32869588628898366,0.19864392895882438,34.13474031578393,92.71759357979715,7.051909858434288,0.07350505888462067,815.863442030152,654.1133293502752,8.534600076371909,1757.8671269937352,0.9262899919412013,0.11267361220766434,0.03421604965094478,0.10644076019525528,0.03282701596617699,0.1857596371882086
48,"Seeb, Bastille - Grip (Official Lyric Video).mp3",0.0,0,0.0,0.0,0.0,0.0,246.57656011875906,5.0682877978230805e-15,0.0,0.0,0.0,0.0,0.0,0.0,0.0,0.0,0.0,0.0,
49,Peter Bjorn and John - Young folks lyrics.mp3,143.5546875,34,0.31183775260759117,0.2932355645341489,0.10588955039281438,62.47483578523126,55.70529885607987,9.22403784311375,0.08120617270469666,1233.4348394348654,787.090264578579,7.303314288482412,2287.62912309903,2.8751552390480937,0.04906377416759188,0.08916312005749595,0.13438405096530914,0.10458517074584961,0.26936291208134333
50,"Sigala, Ella Eyre, Meghan Trainor - Just Got Paid ft. French Montana.mp3",112.34714673913044,17,0.3203559055682579,0.2982689819501871,0.14716377826792176,17.460531442886893,88.00429147730591,4.245965365257253,0.05872219800949097,982.8728229879474,799.8039377882075,11.860524614005229,1912.0743429063389,0.8318844338723705,0.051104135433820044,0.061531043405093425,0.09305711090564728,0.006967163644731045,0.19999849856234772
51,Sixpence None The Richer - Kiss Me (Official HQ).mp3,95.703125,7,0.2921958470810871,0.27679435973586175,0.14654368158720932,2.3497722509031367,80.94389611497095,8.140999085626692,0.016927260905504227,572.0496955814185,472.94876819233997,7.807889226300507,1054.4833529701857,0.6168615806164026,0.10933679614236497,0.027585649646946535,0.04538267105817795,0.009315277449786663,0.25600519211407735
52,I'm From Barcelona We're From Barcelona.mp3,143.5546875,24,0.2899499102225007,0.2742985697655404,0.08572466351062229,0.2685871500355693,163.03851224018868,8.948724774335298,0.01172045897692442,1565.5519416985533,937.8519761337882,7.17243370156038,2724.1618667118105,0.2739180307046591,0.06409147897001989,0.04191714180803343,1.3278807273309212e-05,0.011517589911818504,0.0
53,Bobby McFerrin - Don't Worry Be Happy.mp3,92.28515625,13,0.29778951948302657,0.2721105662060065,0.13579906937960567,1.0818249426818023,118.85518735818052,3.8832971493589277,0.017223821952939034,1271.5411980256465,652.415593131477,6.718980794927336,2434.1333641090846,0.18004638405303713,0.05976195034130926,0.09181817365915862,0.01598619669675827,0.008044729009270668,0.3250793650793651
54,Mark Ronson - Feel Right ft. Mystikal.mp3,78.30255681818181,11,0.29814921616237827,0.3014827822885581,0.20948811305369283,2.1449445613008975,105.81275185368652,4.027497302795464,0.01952972635626793,358.2316613164109,467.3444031125899,8.277590975381381,734.6840995488874,0.26891642077437106,0.10861507153287002,0.014416825050418604,0.033048778772354126,0.0034900931641459465,0.04643990929705216
55,U2 - Beautiful Day.mp3,80.74951171875,5,0.27528622481995535,0.21677104686387,0.06037851685850259,0.18768731344186565,165.34780804303597,7.0555590847721295,0.009128117002546787,704.1273280730113,889.9138824558139,10.23215594314618,1949.6120963369954,0.1951507577215753,0.04368914968543206,0.03782636815571585,0.006917993538081646,0.004321401473134756,0.3715192743764172
56,Footloose - Kenny Loggins.mp3,172.265625,19,0.3628589897346365,0.23675668479287593,0.06618877332115769,3.3122902690542606,104.37725933091062,6.956965065873108,0.025259528309106827,1323.0806948131237,1118.945486295314,7.5393086745942215,2639.3272870522524,0.5261432107040438,0.04930622453334358,0.05435710940609381,0.011743443086743355,0.030584190040826797,0.22136898015995307
57,Loud Luxury feat. brando - Body (Official Lyric Video).mp3,161.4990234375,36,0.33722103645317597,0.24698781971523961,0.08798604316903952,21.048485933810387,84.76028381773062,5.223205482448959,0.06491591036319733,1191.9620137252246,863.5548290597573,8.895833012111456,2095.0905022482393,1.2775218966333595,0.05184785649436018,0.10451918948678639,0.07733611017465591,0.03519235551357269,0.19736961451247167
58,Rusted Root - Send Me On My Way.mp3,287.109375,55,0.20851105213646842,0.3377777818084687,0.15894621755443566,0.1829191553665237,156.16489334552193,5.642761968712402,0.006226585246622562,839.2223857388544,1024.227231862768,5.029120342820366,1922.6548385094673,0.07909203083540646,0.09222150238603498,0.0264510591808337,0.006902114488184452,0.0015224069356918335,0.0
59,Colbie Caillat - Bubbly.mp3,198.76802884615384,20,0.26450225506441816,0.3208854509214061,0.13784676362364923,2.0042307039378007,134.7432377234036,6.644869354235503,0.027454521507024765,1295.4156224800824,1053.4300831356072,7.489508440236877,2516.662745212234,0.44627839253415563,0.07003713153910503,0.11321287301088413,0.028663353994488716,0.01148047111928463,0.0
60,Daft Punk - One More Time.mp3,161.4990234375,28,0.35133350966414684,0.24649674980695185,0.10144952411930987,0.28579384011233255,139.45863647391784,3.810514849974437,0.00900668278336525,1167.4675920041495,1175.782531991122,5.729598918717986,3117.5098443745633,0.16220803291667693,0.045147347483215014,0.029955961449305787,0.009439188055694103,0.0039564636535942554,0.19736961451247167
61,Lenka - The Show (With Lyrics).mp3,0.0,0,0.0,0.0,0.0,0.0,246.57656011875906,5.0682877978230805e-15,0.0,0.0,0.0,0.0,0.0,0.0,0.0,0.0,0.0,0.0,
62,Nina Simone Feeling Good.mp3,0.0,0,0.0,0.0,0.0,0.0,246.57656011875906,5.0682877978230805e-15,0.0,0.0,0.0,0.0,0.0,0.0,0.0,0.0,0.0,0.0,
63,All You Need Is Love (Remastered 2009).mp3,107.666015625,19,0.3116219705793188,0.2623495306690583,0.14237145693235082,1.6501507107488587,106.08078544415402,6.712436501191874,0.02449968457221985,1460.1735668073197,843.1668706179063,7.994414045249532,2534.626839147876,0.591768842655762,0.0790026873213481,0.025867149577007593,0.02784002386033535,0.01508370041847229,0.2400643373746534
64,Boney M Daddy cool.mp3,135.99917763157896,5,0.23386015815704708,0.24915465774314252,0.13138805390151775,0.00022819650587479234,154.040638036876,6.443195230402166,0.00020186437177471817,769.2588112203193,632.019342605902,6.417688728325368,1687.5220764603744,0.006110058418862465,0.05894176005435693,0.03387368054705497,0.0002038214006461203,0.0002573179663158953,0.0
65,Ben Lee - Catch my Disease.mp3,198.76802884615384,20,0.34268820049414617,0.28026757392976054,0.07659913156875184,6.047548023232807,120.833268920604,6.7997401870913325,0.03802616521716118,1484.38005208709,1291.037947839408,5.365653063665285,2947.445689336028,0.6679120965728781,0.06672897525582348,0.09089765422581265,0.026233484968543053,0.026837550103664398,0.0
66,"Ellie Goulding, Diplo, Swae Lee - Close To Me (Official Video).mp3",135.99917763157896,29,0.2732032578247456,0.31247134341240257,0.14036519954001783,9.389536012006369,110.17896819704562,5.497474579591149,0.05043340101838112,945.2156231617042,688.698453803276,6.551353441410548,1628.1177369489278,0.8319557072780772,0.08918357765711013,0.02960766598227494,0.06432592868804932,0.017504258081316948,0.1801937633902731
67,"Calvin Harris, Sam Smith - Promises (Official Lyric Video).mp3",117.45383522727273,18,0.2962164499188101,0.22275223500396127,0.0539930031361329,0.05344671746235942,105.43603911020986,10.225788356076496,0.007299868389964104,1510.323327616489,567.7936463190055,14.733765265338306,1751.6283402749243,0.23698738868288846,0.04697775894403526,0.13065773804267536,0.0038394848816096783,0.012780092656612396,0.27785225157426086
68,The Beach Boys - Good Vibrations.mp3,287.109375,41,0.26080145834720786,0.31462191940729184,0.1386734017891712,15.85801271369927,100.35918856833908,5.874428455671509,0.06919405609369278,1141.9310246030977,1093.788870047578,6.27546622171945,2105.3811555062534,1.155875203853194,0.10065937801104174,0.04963232544569722,0.08311831206083298,0.026575051248073578,0.10448979591836738
69,The Chainsmokers - Beach House.mp3,287.109375,53,0.3337914407516752,0.3085245943788197,0.09593545124309188,0.9209560561818766,140.05939215454728,7.216935625457207,0.024962110444903374,1028.9495740543507,1029.2072433764954,7.236106591526366,2263.2059825691817,0.6102363243475323,0.0727291656799407,0.05601104492653774,0.02374255657196045,0.014629996381700039,0.0
70,"Shawn Mendes, Zedd - Lost In Japan (Original + Remix).mp3",184.5703125,38,0.3477730333537354,0.30418947293039866,0.08307810851296069,0.0033760283608001464,186.26381720727795,5.712824596640185,0.0013580070808529854,781.3240618847229,912.4528790628135,6.012425473944684,1530.0579283783993,0.03548297355282821,0.0641506820620968,0.03041794330744075,0.0007073992746882141,0.0009918477153405547,0.0
71,Joel Adams - Please Don't Go (Lyrics).mp3,172.265625,14,0.3300865379412382,0.2968991298366436,0.08848130925150877,6.037852623866511,94.95309114950835,5.075634775425865,0.04460533335804939,1964.7051417874018,1002.7598059526116,12.039678552757744,3213.284529001637,0.8811781905883311,0.0731440618157887,0.13698127115116218,0.04329296573996544,0.031125355511903763,0.25028860095924654
72,Dzeko vs. Riggi & Piros - Heaven (feat. Veronica).mp3,172.265625,28,0.29477734476697987,0.31768839692103606,0.20351386635891996,0.4083186917493148,140.60989470720145,3.9423642978780324,0.006354544777423143,171.69801635601695,297.9530179621696,6.0100737043908845,162.68698856941216,0.09557765202043987,0.12767063596166936,0.012953450424359237,0.013789767399430275,0.0018474264070391655,0.29786776482329913
73,Hanson - MMMBop.mp3,143.5546875,25,0.31134147865840983,0.3342054187287611,0.0874878081378711,1.2728898003023155,133.6393518072836,5.930193991331335,0.016031907871365547,1022.3437351421671,1278.4021486575016,5.074589044143576,2519.833096471905,0.2694804937498901,0.06249334515947413,0.027721802343117233,0.007308186497539282,0.014493745751678944,0.12770975056689343
74,Imagine Dragons - On Top of the World - Lyrics.mp3,198.76802884615384,42,0.31280575325190274,0.25300510554707134,0.07433148299463258,0.7484795650059778,98.91524914197514,7.438607079432349,0.0206740889698267,1281.318371330462,942.4873460900659,6.93195507330491,2487.8699017684485,0.6464543824888289,0.059626143966828644,0.0760208511380223,0.006357906851917505,0.02698059193789959,0.22294481989278497
75,Years & Years - If You're Over Me (Lyrics).mp3,135.99917763157896,15,0.36390583957932887,0.32166104925296024,0.10543533821882888,38.28946392897855,80.41119311774997,5.652587369200108,0.07749703526496887,1667.9599976757247,809.7695588349063,7.437629311217188,2482.2280422382955,1.0845093420465706,0.09629382535075565,0.05969629325037489,0.06381919980049133,0.07034763693809509,0.22602213684746197
76,MIKA - Grace Kelly.mp3,0.0,0,0.0,0.0,0.0,0.0,246.57656011875906,5.0682877978230805e-15,0.0,0.0,0.0,0.0,0.0,0.0,0.0,0.0,0.0,0.0,
77,Feist - I Feel It All.mp3,287.109375,53,0.21658965056946583,0.3249790449262565,0.1440096159476343,1.8809554391279228e-05,219.61792072537474,5.366801202446215,0.00013061969366390258,2267.2359471265972,1459.5069890069203,5.254096377572965,4011.598873214972,0.002513338599787443,0.09066246461183486,0.1479297830459284,0.00010944392124656588,8.09608754934743e-05,0.09287981859410432
78,Jonas Blue - Wherever You Go (Lyrics) feat. Jessie Reyez & Juan Magán.mp3,135.99917763157896,23,0.28568409764346203,0.30288617013377606,0.14771884370026833,11.364810494689875,78.7649777953883,8.103119279887583,0.05409789830446243,1740.5324917986816,1302.4979037979306,7.467090247940548,3420.547343269529,1.4050363681296383,0.08597258535954769,0.09576767449432007,0.0413251593708992,0.0644688829779625,0.22058956916099776
79,Yael Naim - New Soul.mp3,103.359375,12,0.33179372059245454,0.274279802028004,0.13681355681963764,0.2598194531189852,132.5008306334001,6.165738708513428,0.008044413290917873,1351.5233385915503,713.9364098233516,6.87664694713354,1896.4054558002185,0.15608991423226357,0.05887995968087429,0.019195662296456837,0.01168111339211464,0.0031091016717255116,0.30185941043083897
80,Mungo Jerry - In the summertime.mp3,143.5546875,32,0.2894473942685143,0.2750679334819474,0.12388873186250744,7.4925353358476405,106.53115726697041,6.307233920032156,0.051766861230134964,1141.3244718312228,1133.2079565344022,6.601508040920857,2291.2720587978033,1.2419311457069893,0.08067206147284309,0.061970933479983184,0.048541296273469925,0.03720851615071297,0.2089795918367347
81,Queen - Dont Stop Me Now (Lyrics)..mp3,215.33203125,28,0.29507491433516464,0.30340692761271065,0.14314170410542817,3.342988475682409,106.56086576520785,6.0731082705135195,0.03412983939051628,1549.1381321440244,1156.793754943666,6.754441872727005,2650.143526798542,0.8870541281234938,0.09483906139132636,0.08815594324819087,0.042972732335329056,0.014722165651619434,0.13931972789115646
82,"DJ Snake - Taki Taki ft. Selena Gomez, Ozuna, Cardi B.mp3",172.265625,37,0.27654886743689944,0.30801303321843715,0.11879839283871692,0.006156033792457925,191.60129918741143,4.1755454484741295,0.0011937920935451984,342.631526846129,553.1582920752807,6.439876428009159,451.44049949096245,0.017581422904368024,0.08665160871045853,0.02298213020198358,0.0012277078349143267,0.0003665095428004861,0.0
83,Bebe Rexha - Last Hurrah (Official Music Lyric Video).mp3,172.265625,14,0.33481843407320644,0.2716959416181079,0.15986069026064417,1.8526641630131329,113.07448805783224,5.399287487305077,0.018157999962568283,868.2642422937467,1025.8565710529974,8.75903277180477,2309.507643385297,0.36888116423225903,0.10345958506962419,0.03699693574448063,0.03316338360309601,0.0034016415011137724,0.0
84,The Proclaimers - I'm Gonna Be (500 Miles).mp3,135.99917763157896,5,0.3184295785977302,0.27301362463448375,0.12250246051484581,0.13958774301472382,123.178807602305,6.776402920607271,0.006221942137926817,1114.6753169786011,751.7184035235416,6.124224386868807,2287.3691896896466,0.13044331403292983,0.06344115383898115,0.039051330167416305,0.003245923202484846,0.00693077128380537,0.2629317408540913
85,Louis Armstrong - What A Wonderful World (Lyrics).mp3,117.45383522727273,19,0.26927938467231866,0.3193223921511306,0.1775204164666723,0.07657403731914837,154.50935379154282,5.4543499395848345,0.00522328307852149,1712.7153864608347,575.0296973059384,9.553773539819074,2424.5047059870376,0.04847346701738849,0.09167742182844522,0.10843254826779428,0.0055856709368526936,0.0007757096318528056,0.0
86,"Junior Senior - Move Your Feet (Official music video, HD).mp3",117.45383522727273,16,0.29900421561467583,0.3112171515738209,0.16066841685003258,0.03268757347820781,145.36654451324955,5.091615705891787,0.004401674494147301,1392.68468073862,1040.1609324173103,9.505591435208492,3121.382169867336,0.06574805167554452,0.08620084349240038,0.07821009627946829,0.0018385021248832345,0.005035235080868006,0.2096950324499399
87,"CNCO, Meghan Trainor, Sean Paul - Hey DJ (Remix) [Lyric Video].mp3",143.5546875,24,0.334598390924789,0.339054924167684,0.1087815568921154,5.5430201781208485e-05,231.29231675168143,4.115229240125701,0.00010397836012998596,1752.2986454767765,1435.6204695721324,4.381822515811598,3517.0165355388053,0.001723695617559459,0.07235925874558778,0.10977755197612875,6.677917554043233e-06,0.00010184012353420258,0.09287981859410432
88,Lost Kings - Anti-Everything (Lyrics) feat. Loren Gray.mp3,198.76802884615384,9,0.2933887094403812,0.27928724889643197,0.15546948380826398,5.174158477198512,108.55294656695851,5.885224632718229,0.0293226670473814,203.31025542851492,377.5052940407137,6.79546962946664,243.64434512304567,0.6782138476081926,0.09007673610065678,0.017797618239487688,0.057328615337610245,0.02063465118408203,0.25273747047724615
89,The Kooks - She Moves In Her Own Way.mp3,103.359375,14,0.3426835018304876,0.29776168137135006,0.12516428380395755,0.0006579719476702907,184.9996369092058,4.089275248896841,0.0002948863839264959,1643.7669141232282,1370.7360190667512,6.898722010169639,3369.6897150434024,0.0053297403538625845,0.08624476724098827,0.1011984424198241,0.0001567652652738616,0.00031958657200448215,0.30185941043083897
90,James Brown - I Feel Good.mp3,234.90767045454547,7,0.3527904453925992,0.24570761446489983,0.09215298558220932,98.01510989020325,69.39354459327714,6.797353873418129,0.1874372810125351,915.1860121093747,690.9268858928468,13.34302934718097,1607.4930102176186,5.823791680765719,0.06048958855378993,0.06294598547189337,0.12571170926094055,0.24457082152366638,0.10780551470775918
91,Kris Kross Amsterdam x The Boy Next Door - Whenever (feat. Conor Maynard) [Official Music Video].mp3,112.34714673913044,17,0.3043107550755165,0.2956445273504561,0.17722208576096368,13.655391636376676,85.2818538507076,6.316088698153587,0.030785497277975082,882.3780160813266,679.3844109655529,7.259108010053607,1847.1351036977605,0.8747043726557606,0.09513812648670647,0.016698672873035638,0.08991307765245438,0.02452327497303486,0.2933444059517505
92,David Guetta - Let It Be Me (Lyrics) ft. Ava Max.mp3,135.99917763157896,13,0.37364295525318814,0.2980571134410942,0.08314545975229254,16.77463364600873,113.31648639851855,6.0875951399769255,0.07732740044593811,1365.1922185453866,918.6901792959161,8.214547572481433,2553.293965745543,1.124681705896243,0.06378113906127066,0.19242512654924224,0.06819292902946472,0.04198617860674858,0.0
93,Little Mix - Woman Like Me (Official Video) ft. Nicki Minaj.mp3,258.3984375,9,0.31858332245826915,0.33574806421159864,0.16199488963536043,13.014469097130181,70.17678020708135,6.7398534950182105,0.0532003790140152,1736.9737628677142,1030.7226457579623,7.315123887601329,2718.609963679808,0.9303511484697957,0.09788497969329686,0.1541734719352524,0.08339069038629532,0.035671167075634,0.23644196982905094
94,Rudimental - Walk Alone feat. Tom Walker [Official Video].mp3,143.5546875,4,0.2472641120662671,0.22073366970018563,0.059573620867847565,0.06255221110236599,82.95165763865201,6.888999957388908,0.0039030141197144985,1271.4015374178266,387.83659560213346,7.043632246158755,1457.8911093680808,0.19881314595198413,0.04774241141496853,0.03711541430763458,0.0053777024149894714,0.005477283149957657,0.38312925170068024
95,MIKA - Big Girl (You Are Beautiful).mp3,198.76802884615384,22,0.35235941009487914,0.35085530088100253,0.10459868036605013,4.155623209514672,130.7753359786952,5.644464525486599,0.027530811727046967,877.5012956681743,1090.2345150507344,4.546087982404537,1980.9360840110623,0.3257900142029791,0.06881356061609964,0.018782561641428618,0.014297707937657833,0.02473277971148491,0.0
96,Röyksopp - Happy Up Here [Official Music Video].mp3,215.33203125,46,0.3080119670769493,0.3371040445033418,0.10267459357343851,0.5327580437335625,136.68491760930027,6.068738537431439,0.011070674285292625,1166.8671224078746,1326.5674042219807,5.912560216196824,2956.191432211597,0.2136472339016037,0.06223652979396779,0.04629983817458103,0.0071119931526482105,0.008718615397810936,0.1393197278911565
97,Friday I'm In Love.mp3,258.3984375,48,0.3675829490809476,0.2956153631370541,0.1424506492159456,1.016945445350539,135.57789520063096,6.989845899192997,0.021599378436803818,1597.3760724191552,1302.4519758013619,7.364112128103852,3162.065140782616,0.4316541215084189,0.09786353493997023,0.04998421538076232,0.023565584793686867,0.009546295739710331,0.12770975056689343
98,"Daft Punk - Get Lucky (Official Audio) ft. Pharrell Williams, Nile Rodgers.mp3",112.34714673913044,12,0.3060118988477389,0.26532166353474884,0.08780380139067535,88.14869547080039,64.87501194404324,6.305087355671501,0.12310028076171875,1619.4685376794737,736.5709308107886,6.87649613234107,2302.6199262923537,2.675542490712229,0.04491711867794147,0.028523259073319963,0.11958325654268265,0.13776324689388275,0.20883620959561014
99,Sabrina Carpenter - Sue Me (Lyrics).mp3,143.5546875,22,0.3484031520454781,0.31880133233378005,0.1461932434667781,0.02053172791880677,189.56231968763194,6.675136093016476,0.001907868543639779,1734.890402677727,1510.9878704838404,5.397478105191672,3666.7272266076693,0.030091138837650678,0.08198153776409696,0.023210397297155898,1.247409363713814e-05,0.0018265641992911696,0.023219954648526053
100,John De Sohn - Forever Young (Lyrics) ft. Liamoo.mp3,123.046875,9,0.31332054620967087,0.2832103051673752,0.15425641164210038,4.166000309485461,106.11854806797044,6.077526445821979,0.029507171362638474,1536.000327602395,584.5976184305658,6.873143530897884,1974.9038138825706,0.5844004533801479,0.10468187195042751,0.014873807556893612,0.03854072466492653,0.019482318311929703,0.2674707976941603
101,Rihanna - We Found Love ft. Calvin Harris.mp3,95.703125,6,0.20782738686512325,0.20846836354615467,0.07190798546553732,0.00012120124152676664,208.0798778969379,3.5382315961332194,0.00017353668226860464,1058.2061838773568,470.238530341024,9.675044322528974,1773.2952843713297,0.0019420660284652999,0.04946832512387033,0.08202535584827475,0.0001885534293251112,3.1057297746883705e-05,0.0
102,"Zedd, Grey - The Middle (Lyrics) ft. Maren Morris.mp3",103.359375,17,0.3405167498187474,0.3217424176878816,0.2257179567044074,1.2902506305062953,103.78072713068286,6.919623548855022,0.010080419480800629,1143.2566281231743,633.1318443195506,6.845906628177266,2246.2876458981777,0.2074002670868851,0.11648488031573884,0.03572001799662248,0.02567238360643387,0.006732237059623003,0.29024943310657597
103,The Chainsmokers - This Feeling ft. Kelsea Ballerini (Lyric Video).mp3,103.359375,17,0.2746965097320891,0.2681959541163303,0.14370036005849887,1.1851713953521068,119.93538186510885,6.426804803205957,0.01606338657438755,536.9094052134784,536.3253192987769,6.916021239693203,1110.7936341206876,0.34059720440310637,0.08885407603294962,0.025409482923905973,0.024956179782748222,0.007267424836754799,0.2464671765376392
104,XO Cupid - True Colors (Lyrics) ft. Maya Avedis.mp3,95.703125,10,0.3140684243991194,0.3154498874378131,0.18928739713397075,18.84693171957875,70.72531564881554,7.7802602032779005,0.05643920600414276,1163.083465585467,941.4285499938853,7.47906440093001,2414.5847089459467,1.020451293130783,0.12125868986473252,0.0767969183749587,0.08828183263540268,0.0504804328083992,0.3134693877551021
105,Toploader - Dancing in the Moonlight.mp3,123.046875,9,0.34713809320476746,0.25922796164055006,0.11306902817858835,5.736022457666346,81.3134123120969,7.215805127847875,0.02939002588391304,466.3277809412208,597.8028235089436,8.930346871426645,1471.978325322556,0.6863598936504296,0.0851860787535595,0.04391360509545944,0.06408899277448654,0.02387141063809395,0.28313828480306963
106,Maroon 5 - Moves Like Jagger ft. Christina Aguilera.mp3,92.28515625,5,0.243269441817455,0.17805031336380928,0.045901366179222185,0.699746446244048,88.32724872767406,7.600080678935534,0.010742206126451492,656.2693184421034,428.5876413410736,10.745712544600886,1160.970639695708,0.625521023398229,0.03700856191955931,0.015492992948884942,0.01799500547349453,0.0191777553409338,0.0
107,Don't Go Breaking My Heart Lyrics.mp3,123.046875,21,0.3164770295242727,0.299811779365321,0.1883810814169533,1.227347007486718,119.72231507963365,5.904820159284871,0.01415860652923584,1191.31771737549,982.20318909348,6.53513553855224,2822.125184651504,0.21020005036681969,0.11115779864267075,0.03538650757936348,0.027546225115656853,0.0025501304771751165,0.2674707976941603
108,Bazzi feat. Camila Cabello - Beautiful (Official Video).mp3,198.76802884615384,7,0.28101674595134507,0.20577032328481565,0.06350242537960112,0.003761807096687533,124.5810274049891,8.530915267740895,0.0008832930470816791,545.7655626439126,666.0779065804803,6.523400021347527,1297.2469729397706,0.042662143433856284,0.042718520556521325,0.02404087056701251,0.0012430008500814438,0.0012572258710861206,0.3715192743764172
109,Ava Max - Sweet but Psycho [Official Music Video].mp3,95.703125,4,0.3192753320840475,0.2880781974633296,0.18809503020907192,0.06338139639851348,102.08030956031524,3.7259241485684598,0.0017884166445583105,1197.4684496883026,397.9769000121785,6.822937794791952,794.7129022092636,0.058340856347961045,0.06972164667793689,0.02115228271615299,0.0059512280859053135,0.001012321445159614,0.0
110,Michael Bublé - It's A Beautiful Day [Official Music Video].mp3,0.0,0,0.0,0.0,0.0,0.0,246.57656011875906,5.0682877978230805e-15,0.0,0.0,0.0,0.0,0.0,0.0,0.0,0.0,0.0,0.0,
111,KT Tunstall - Suddenly I See (Larger Than Life Version).mp3,198.76802884615384,39,0.34272241362422984,0.27631565960766685,0.11760822206043696,3.6394299376469847,114.16658175790504,5.640550891391935,0.025817133486270905,861.7127850687491,730.5627018947433,9.010361112083087,2252.3451999903027,0.3828847126764562,0.08003484214958274,0.03015751561723881,0.024513360112905502,0.019149454310536385,0.12623533321713748
112,Little Mix - Think About Us (Audio).mp3,0.0,0,0.0,0.0,0.0,0.0,246.57656011875906,5.0682877978230805e-15,0.0,0.0,0.0,0.0,0.0,0.0,0.0,0.0,0.0,0.0,
113,Lynyrd Skynyrd - Sweet Home Alabama.mp3,99.38401442307692,9,0.31716145331732953,0.2776717181028595,0.11231283886916449,0.14545046962297645,115.48529818936616,6.767517281272271,0.00464206375181675,869.913818970232,855.8919366685244,5.863494546643643,1963.1718176166153,0.09777070133411546,0.07264023787072549,0.035941532140459996,0.006674396339803934,0.0037035257555544376,0.30185941043083897
114,Ain't No Mountain High Enough Lyric.mp3,123.046875,18,0.3198957240116856,0.25209860869882955,0.07954662250616353,20.354186569229366,79.0887403958671,6.276694314946595,0.07341795414686203,1341.462936103456,937.5764118134014,6.973414732547429,2572.8213343436887,2.0577087276712684,0.057125297090700335,0.08231230474425057,0.058390308171510696,0.07130339741706848,0.24484393458025236
115,Panic! At The Disco - High Hopes (Official Video).mp3,143.5546875,9,0.2652969512930173,0.22152354583948874,0.09901116136250135,0.45582392220505424,116.03465107382239,3.868422537084397,0.010675804689526558,429.3733579507821,514.9359851231336,6.72926073084265,1178.4809165809277,0.2444894726876561,0.0510151515921772,0.010103560963076819,0.01110359188169241,0.0062118107452988625,0.2769411585596735
116,Galantis - Bones (feat. OneRepublic) [Official Audio].mp3,215.33203125,7,0.32025713124809935,0.29981723886930517,0.15275133760440793,17.066879453342064,75.69180511251515,6.457215081871142,0.0459163598716259,731.9539920352636,498.30551348369676,8.459205569180867,1362.7445544466098,1.2872006419886877,0.07595377790935369,0.02877807282866975,0.08944638818502426,0.03229318559169769,0.12770975056689343
117,R.E.M Shiny Happy People (Lyrics).mp3,215.33203125,30,0.2933449485824208,0.2724101873122371,0.15293683299637478,3.6244888282488845,105.63337108187345,7.3268612301519696,0.040376171469688416,1282.9035459241918,1081.2945968750726,6.204669337120028,2459.8836723383592,0.9989072305256503,0.10687817405888635,0.06996848982505065,0.053404856473207474,0.01486361213028431,0.0
118,Robin Schulz - Speechless (feat. Erika Sirola).mp3,198.76802884615384,15,0.3604693315122575,0.3094863474117729,0.17514118407679494,19.662769079464137,100.04740383117837,5.72743317728362,0.06432625651359558,1619.642037612468,1082.2341698481687,8.384485411313012,3098.4874144176997,1.1013533340836041,0.1018538867387843,0.10798220531080253,0.10179193317890167,0.023517409339547157,0.0
119,Jessie J - Price Tag ft. B.o.B.mp3,258.3984375,54,0.39144643557659276,0.3595436981800648,0.11773357410190846,3.642943243710393e-09,235.56116906465758,2.13550372715415,3.634415634223842e-06,2704.2620575242136,1461.8930505586434,8.392966585099263,4308.252331427596,7.779472216298182e-05,0.08251030849762035,0.30489920701937884,2.2138938220450655e-06,2.6366719794168603e-06,0.0
120,Jason Mraz - I'm Yours (Official Video).mp3,0.0,0,0.3648683199535521,0.26889251566694533,0.10436024879749042,0.5192563081083497,152.04164200570102,2.7542397553725104,0.009205253794789314,749.7180221543108,704.8657039719018,5.412413005281277,1456.06005610259,0.09346509297229533,0.06876068123343228,0.02236785406882517,0.01056381594389677,0.0015157643938437104,0.22986582347143641
121,Noah & The Whale - 5 Years Time (lyrics).mp3,215.33203125,27,0.3713067880068577,0.3297930945562231,0.15169694469631576,7.029989878514215,124.54752504683111,4.061748825496122,0.03797464072704315,2119.3219856663372,1223.723775118499,8.592395023327914,3801.370955150193,0.24078901516219975,0.1043658189813497,0.19676623455733308,0.027752751484513283,0.024013405665755272,0.111089681758678
122,Sigur Rós - Gobbledigook.mp3,0.0,0,0.0,0.0,0.0,0.0,246.57656011875906,5.0682877978230805e-15,0.0,0.0,0.0,0.0,0.0,0.0,0.0,0.0,0.0,0.0,
123,I Gotta Feeling.mp3,123.046875,3,0.3045142094467437,0.31269801537891057,0.22869594696495246,38.73650082439641,44.75611265895336,3.771452785389279,0.04554126784205437,905.9241353086292,299.2859316093746,7.55849348378907,1528.4194294035005,1.307370129789953,0.11717810847685284,0.06965001084562301,0.13438346982002258,0.025152839720249176,0.2438095238095238
124,The Ting Tings - That's Not My Name.mp3,117.45383522727273,4,0.27948191056000216,0.21723617607529913,0.07332506365748204,5.980363159854703e-05,159.7171133254199,4.996930762046146,0.00012782156409230083,812.2344873444187,490.9582724194799,5.999119805672031,1360.0176217874262,0.004200918192738709,0.0417652785300722,0.03298921905985866,0.00012214323214720935,0.0001513600000180304,0.2660179995257812
125,James Hype feat. Craig David - No Drama.mp3,117.45383522727273,19,0.30984007018030235,0.27575410236291487,0.09159902461964048,7.229708128745684,61.13105997327843,7.525674724850197,0.03529900312423706,1515.801840875605,602.9263457981845,8.503905126634269,1945.7900422533862,1.0831576361796644,0.07330290758450594,0.07793450578959112,0.05553088337182999,0.03526625037193298,0.20883620959561017
126,Electric Light Orchestra - Mr. Blue Sky (Official Audio).mp3,161.4990234375,10,0.3141718717053203,0.24058505348499024,0.06083873458823721,0.01270807178886635,132.9736244066151,8.4006877035448,0.0031603092793375254,1030.0421762318292,565.1568922806921,6.806994415203892,1462.6386516208513,0.0794906656043437,0.05592862708114588,0.08403779749662395,0.003511920804157853,0.0029767975211143494,0.3035416427566838
127,Treasure - Bruno Mars (Lyric Video).mp3,258.3984375,36,0.3205072318610371,0.263267354141275,0.07103928152035865,0.7227468388797416,95.97857483794257,7.693030275539786,0.015475895255804062,1735.692149213396,764.6513604184645,10.909801957375103,2448.8036107182775,0.4627007944150912,0.06938641149786143,0.09512560187340036,0.011077315546572208,0.023294346407055855,0.2037542751176765
128,Owl City & Carly Rae Jepsen - Good Time (Official Video).mp3,123.046875,7,0.29984385309597306,0.236699263617641,0.11123463110556141,0.19496708450855038,93.82820891931217,9.28698034518537,0.006224511656910181,564.9781448290962,562.7328242633542,9.344934598767756,1340.3948798324764,0.26241525965154766,0.05563445141893113,0.03343551087689128,0.015025331638753414,0.005036062095314264,0.27785225157426086
129,Dua Lipa & BLACKPINK - Kiss and Make Up (Official Audio).mp3,184.5703125,14,0.2854802545580231,0.28761943285847225,0.13857771076247383,48.195254878860595,68.90224931970549,6.744285176949885,0.10380924493074417,1063.324584348391,903.3422326276792,7.197881608932632,2038.785613340355,2.7120357253757335,0.08537229347041063,0.047657057069612326,0.14810675382614136,0.07548438757658005,0.18672462880995275
130,Counting Crows - Accidentally in Love Official.mp3,135.99917763157896,21,0.2992255186755109,0.2683138321870846,0.09833420944441279,9.705492735406665,69.70230850337114,7.00069225600875,0.0422159843146801,893.6412108463531,850.6989873663035,7.580845446389148,1917.7924853086627,1.3073764957534757,0.056873951803682835,0.061597998849902226,0.03909573331475258,0.05042826011776924,0.24927678465838893
131,The Beatles-Here comes the Sun..mp3,0.0,0,0.0,0.0,0.0,0.0,246.57656011875906,5.0682877978230805e-15,0.0,0.0,0.0,0.0,0.0,0.0,0.0,0.0,0.0,0.0,
132,Mark Ronson - Uptown Funk (feat. Bruno Mars) - Lyrics.mp3,198.76802884615384,41,0.3423695588045724,0.2715419454430161,0.10573459046120542,0.8513479578278486,138.81350982682886,9.228261121568368,0.016931602731347084,2257.06641139926,1360.0757822842218,7.670918252158221,3498.343909929186,0.32878965588039527,0.06655049611486147,0.10761277155873357,0.002830397803336382,0.019151581451296806,0.0
133,Anne-Marie & James Arthur - Rewrite The Stars [from The Greatest Showman Reimagined].mp3,143.5546875,32,0.29158386920271945,0.27731455936659044,0.10407347565623397,0.0008087958932252062,170.39387473716357,5.513612143566852,0.0005505661829374731,1639.1241751708635,973.1711407025033,5.659532309812112,2340.4108748811773,0.01686218346117005,0.08406785842972692,0.05242905681748107,0.0004735204274766147,0.00039915714296512306,0.0
134,The Beatles - Obladi oblada.mp3,0.0,0,0.0,0.0,0.0,0.0,246.57656011875906,5.0682877978230805e-15,0.0,0.0,0.0,0.0,0.0,0.0,0.0,0.0,0.0,0.0,
135,Martin Garrix feat. Bonn - High On Life (Official Video).mp3,198.76802884615384,3,0.28256000948993054,0.26721568765610926,0.1689226302586982,6.353778950707446,99.81479906167101,2.8341644681263416,0.021628784015774727,644.8512626615959,421.23329995730705,5.739657025523537,1190.901225243005,0.7882216579256338,0.10138263870504458,0.015061204608316454,0.07052545249462128,0.009436453692615032,0.0
136,OneRepublic - Good Life.mp3,99.38401442307692,7,0.2961038184559357,0.2582471152258724,0.10008593238860221,3.698649302580319,78.47215937629332,8.601480794831009,0.022029543295502663,927.0416294343291,780.4279980436504,6.736162781692555,2036.5796161959447,0.6027533626610401,0.042757130751758306,0.041059130909859576,0.028051557019352913,0.026507623493671417,0.24646717653763922
137,Lily Allen LDN (Official Video).mp3,215.33203125,24,0.32860511856348734,0.26536653035939506,0.09278545144876979,2.2101891119265806,102.18339051856752,5.643607125413799,0.02398775890469551,1571.9572912758065,874.4240296619922,7.104057769158641,2706.3678174578254,0.584930198780406,0.06601032131643253,0.08360874886786915,0.022686297073960304,0.01853827014565468,0.15092970521541949
138,BIG PLANS - Why Don't We [Official Music Video].mp3,258.3984375,54,0.2592302406017515,0.3299187466143227,0.1115519576255484,6.07277017891156,125.33891419031951,6.657037231162684,0.048821061849594116,619.7937938940829,850.4300095084517,5.182700620958422,1349.000266863497,0.9595254131403981,0.06439926551870448,0.026393262139106605,0.044964589178562164,0.024190012365579605,0.11609977324263038
139,Walk Like An Egyptian - The Bangles (Lyrics).mp3,99.38401442307692,9,0.25305427164908695,0.20408710430879423,0.05170252644433102,19.1790752092839,74.98885365033638,6.995681307694402,0.04959676042199135,1261.9199745461306,512.8342759590023,7.518474402728663,1426.8043581385825,0.7161736611860264,0.04155212106880917,0.18108102628868056,0.007651296444237232,0.06247803941369057,0.2609878831033932
140,The Holloways - Generator.mp3,198.76802884615384,29,0.3250197856772726,0.23524962299212343,0.10219866124632551,0.010876441967282303,144.9985964003235,6.092890446146953,0.0035925914999097586,1235.915446047445,808.9376704251783,6.4422052853358345,1702.0420786073914,0.07666535432357093,0.06277428474613105,0.12976086841176523,0.0010298106353729963,0.004596236161887646,0.15092970521541949
